{
  "dependencies": {
    "framesync": "^6.1.2",
    "@emotion/hash": "^0.9.1",
    "@motionone/easing": "^10.14.0",
    "valtio": "^1.2.9",
    "@motionone/utils": "^10.12.0",
    "popmotion": "^11.0.5",
    "@motionone/dom": "^10.12.0",
    "motion": "^10.12.0",
    "airtable": "^0.11.1",
    "react-confetti": "^6.0.1",
    "style-value-types": "^5.1.0",
    "framer-motion-3d": "^6.0.0",
    "@react-three/fiber": "^7.0.24",
    "three": "^0.136.0",
    "@react-three/drei": "^8.3.1",
    "shopify-buy": "^2.14.0",
    "canvas-confetti": "^1.4.0",
    "zustand": "^3.7.1",
    "color-hash": "^2.0.1",
    "tinycolor2": "^1.4.2",
    "color-diff": "^1.2.0",
    "hsluv": "^1.0.0",
    "cobe": "^0.6.0",
    "react-tsparticles": "^2.2.3",
    "tsparticles": "^2.2.3",
    "@vimeo/player": "^2.16.4",
    "easing-coordinates": "^2.0.2",
    "shadertoy-react": "^1.1.2",
    "canvas-noise": "^1.0.0",
    "@signal-noise/react-shader-canvas": "^0.0.3",
    "react-noisy-canvas": "^1.0.4",
    "figma-squircle": "^0.3.0",
    "highlight.js": "^11.6.0",
    "prismjs": "^1.29.0",
    "react-svg": "^15.1.9",
    "html-to-react": "^1.5.0",
    "himalaya": "^1.1.0",
    "convert-svg-react": "^1.0.0",
    "react-html-parser": "^2.0.2",
    "react-htmlparser2": "^0.1.0",
    "htmlparser2": "^8.0.1",
    "jsdom": "^20.0.0",
    "html-react-parser": "^3.0.0",
    "flubber": "^0.4.2",
    "arc-text": "^1.0.1",
    "react-helmet": "^6.1.0",
    "fetch-jsonp": "^1.2.1",
    "browser-jsonp": "^1.1.5",
    "jsonp": "^0.2.1",
    "@codesandbox/sandpack-react": "^1.3.1",
    "react-tooltip": "^4.4.3",
    "firebase": "^9.12.1",
    "styled-components": "^5.3.3",
    "@cyriacbr/react-split-text": "^1.0.0",
    "react-hook-form": "^7.39.5",
    "typewriter-effect": "^2.19.0",
    "@dotlottie/player-component": "^1.3.2",
    "objects-to-csv": "^1.3.6",
    "react-spring": "^9.6.1",
    "react-parallax-tilt": "^1.7.92",
    "array-move": "^4.0.0",
    "@popmotion/popcorn": "^0.4.4",
    "react-sortable-hoc": "^2.0.0",
    "@react-spring/three": "^9.6.1",
    "@vanilla-extract/css": "^1.9.2",
    "react-use-measure": "^2.1.1",
    "chart.js": "^4.0.1",
    "@faker-js/faker": "^7.6.0",
    "react-chartjs-2": "^5.0.1",
    "react-three-fiber": "^6.0.13",
    "gsap": "^3.11.3",
    "wagmi": "^0.6.0",
    "@rainbow-me/rainbowkit": "^0.4.5",
    "cmdk": "^0.1.16",
    "@uniswap/widgets": "^2.0.0",
    "matter-js": "^0.18.0",
    "usehooks-ts": "^2.9.1",
    "react-icons": "^4.7.1",
    "openweather-api-node": "^1.4.1",
    "openweather-apis": "^4.4.2",
    "react-html-id": "^0.1.5",
    "three-stdlib": "^2.17.0",
    "aframe": "^1.3.0",
    "aframe-mountain-component": "^0.3.3",
    "aframe-particle-system-component": "^1.1.3",
    "aframe-react": "^4.4.0",
    "@react-hook/mouse-position": "^4.1.3",
    "email-validator": "^2.0.4",
    "reakit": "^1.3.11",
    "@stitches/react": "^1.2.8",
    "next-themes": "^0.2.1",
    "kbar": "^0.1.0-beta.36",
    "use-resize-observer": "^9.1.0",
    "lodash": "^4.17.21",
    "react-grid-layout": "^1.3.4",
    "scroller-motion": "^1.2.3",
    "@radix-ui/colors": "^0.1.8",
    "ethers": "^6.0.8",
    "react-timezone-select": "^1.4.0",
    "countries-and-timezones": "^3.4.1",
    "react-copy-to-clipboard": "^5.1.0",
    "react-syntax-highlighter": "^15.5.0",
    "react-markdown": "^8.0.4",
    "fetch-dedupe": "^3.0.0",
    "lodash.defer": "^4.1.0",
    "lodash.debounce": "^4.0.8",
    "qrcode.react": "^3.1.0",
    "@radix-ui/react-dialog": "^1.0.2",
    "connectkit": "^1.1.0",
    "react-tilt": "^0.1.4",
    "react-qr-code": "^2.0.8",
    "boring-avatars": "^1.7.0",
    "to-querystring": "^1.1.1",
    "jsonp-promise": "^0.1.2",
    "copy-to-clipboard": "^3.3.3",
    "@tensorflow/tfjs-core": "^3.18.0",
    "@tensorflow/tfjs-backend-wasm": "^3.18.0",
    "@emotion/css": "^11.9.0",
    "@mediapipe/camera_utils": "^0.3.1640029074",
    "@mediapipe/hands": "^0.4.1646424915",
    "@tensorflow/tfjs-backend-webgl": "^3.18.0",
    "@tensorflow/tfjs": "^3.18.0",
    "@tensorflow-models/handpose": "^0.0.7",
    "@tensorflow-models/hand-pose-detection": "^2.0.0",
    "react-webcam": "^7.0.1",
    "react-speech-kit": "^3.0.1",
    "query-string": "^8.1.0",
    "@shadergradient/store": "^0.0.0",
    "lodash-es": "^4.17.21",
    "react-lowlight": "^3.0.0",
    "lowlight": "^2.6.1",
    "sonner": "^0.3.5",
    "react-intersection-observer": "^9.4.3",
    "@researchgate/react-intersection-observer": "^1.3.5",
    "react-progress-label": "^3.1.7",
    "react-circle": "^1.1.1",
    "react-circular-progressbar": "^2.1.0",
    "react-sweet-progress": "^1.1.2",
    "react-customizable-progressbar": "^1.2.0",
    "react-circle-progress-bar": "^0.1.4",
    "react-hook-inview": "^4.5.0",
    "use-count-up": "^3.0.1",
    "animated-number-react": "^0.1.2",
    "react-animated-number": "^0.4.4",
    "react-animated-counter": "^1.2.4",
    "react-countup": "^6.4.2",
    "axios": "^1.4.0",
    "@calcom/embed-react": "^1.0.10",
    "react-particles": "^2.10.1",
    "react-use": "^17.4.0",
    "react-canvas-confetti": "^1.4.0",
    "swiper": "^9.0.5",
    "react-block-image": "^1.0.0",
    "classnames": "^2.3.2",
    "prop-types": "^15.8.0",
    "simple-icons": "^8.15.0",
    "date-fns": "^2.28.0",
    "js-cookie": "^3.0.1",
    "@splinetool/r3f-spline": "^1.0.2",
    "os-name": "^5.1.0",
    "rect": "^1.2.1",
    "@elgorditosalsero/react-gtm-hook": "^2.7.2",
    "react-cmdk": "^1.3.9",
    "react-chat-widget": "^3.1.4",
    "vcard-creator": "^0.6.0",
    "react-icalendar-link": "^3.0.2",
    "react-image-magnifiers": "^1.4.0",
    "react-image-magnify": "^2.7.4",
    "react-infinite-scroll-component": "^6.1.0",
    "react-image-effects": "^1.0.0",
    "modern-react-qr-reader": "^1.0.12",
    "react-hook-gyroscope": "^1.1.12",
    "react-geolocated": "^4.0.3",
    "p5": "^1.9.4",
    "react-p5": "^1.3.33",
    "@material-ui/icons": "^4.11.3",
    "react-router-dom": "^6.15.0",
    "@material-ui/core": "^4.12.4",
    "react-qrcode-scanner": "^1.0.5",
    "react-scanned-qr": "^1.2.4",
    "qr-scanner": "^1.4.2",
    "react-countdown": "^2.3.5",
    "victory": "^36.6.8",
    "react-fetch-hook": "^1.9.5",
    "react-use-scroll-position": "^2.0.0",
    "@n8tb1t/use-scroll-position": "^2.0.3",
    "react-audio-player": "^0.17.0",
    "react-camera-pro": "^1.2.1",
    "react-beautiful-dnd": "^13.1.1",
    "react-drag-and-drop": "^3.0.0",
    "react-qr-reader": "^3.0.0-beta-1",
    "openai": "^3.1.0",
    "dotenv-safe": "^8.2.0",
    "react-scroll-video": "^1.0.6",
    "@splinetool/runtime": "^0.9.202",
    "react-video-scroll": "^1.0.1",
    "react-hook-speech-to-text": "^0.8.0",
    "react-speech-recognition": "^3.10.0",
    "speech-synthesizer-react": "^1.2.0",
    "react-3d-viewer": "^1.0.12",
    "react-github-corner": "^2.5.0",
    "react-linear-gradient-button": "^1.1.1",
    "react-water-wave": "^2.0.1",
    "react-tridi": "^2.1.1",
    "tiny-viewer": "^2.0.0",
    "rc-slider": "^10.4.0",
    "@p5-wrapper/react": "^4.2.0",
    "p5-react": "^1.0.3",
    "@itsjonq/controls": "^0.0.9",
    "react-dynamic-import": "^1.1.5",
    "next": "^13.4.5",
    "react-animated-cursor": "^2.7.0",
    "mouse-follower": "^1.1.2",
    "@mui/icons-material": "^5.11.11",
    "@chakra-ui/icons": "^2.0.16",
    "virtual-keyboard-react": "^1.0.2",
    "react-simple-keyboard": "^3.5.28",
    "react-live-preview": "^0.0.8-alpha",
    "use-sound": "^4.0.1",
    "tone": "^14.7.77",
    "react-confetti-explosion": "^1.5.1",
    "react-digital-clock": "^0.1.2",
    "phosphor-react": "^1.4.1",
    "shuffle-letters": "^1.0.2",
    "chartjs-plugin-colorschemes": "^0.4.0",
    "mapbox-gl": "^2.13.0",
    "react-uuid": "^1.0.2",
    "react-datepicker": "^4.6.0",
    "react-bootstrap": "^2.1.2",
    "@tinymce/tinymce-react": "^3.13.0",
    "@fortawesome/free-regular-svg-icons": "^6.0.0",
    "@fortawesome/free-solid-svg-icons": "^6.0.0",
    "@fortawesome/react-fontawesome": "^0.1.17",
    "bootstrap": "^5.1.3",
    "react-date-picker": "^8.4.0",
    "unsplash-react": "^0.2.1",
    "whatwg-fetch": "^3.6.2",
    "unsplash-js": "^7.0.15",
    "chroma-js": "^2.4.2",
    "canvas-sketch-util": "^1.10.0",
    "canvas-sketch": "^0.7.6",
    "@radix-ui/react-icons": "^1.1.0",
    "@radix-ui/react-popover": "^0.1.6",
    "react-color": "^2.19.3",
    "react-canvas-draw": "^1.2.1",
    "@tldraw/tldraw": "^1.9.1",
    "@radix-ui/react-slider": "^0.1.4",
    "@emotion/styled": "^11.10.6",
    "react-konva": "^18.2.5",
    "react-draggable": "^4.4.5",
    "react-content-loader": "^6.2.0",
    "react-image": "^4.0.3",
    "@paultalarian/react-notion-x": "^6.15.28",
    "@9gustin/react-notion-render": "^3.11.2",
    "react-notion-x": "^6.16.0",
    "react-notion": "^0.10.0",
    "@notionhq/client": "^2.2.3",
    "@studio-freight/lenis": "^1.0.29",
    "tz-lookup": "^6.1.25",
    "luxon": "^3.4.4",
    "lenis": "^1.1.2",
    "animejs": "^3.2.2",
    "react-cookie": "^7.1.4",
    "@rive-app/react-canvas": "^3.0.55",
    "firestore": "^1.1.6",
    "reacts": "^0.0.0",
    "@firebase/app": "^0.8.2",
    "use-immer": "^0.9.0",
    "html": "^1.0.0",
    "html2canvas": "^1.4.1",
    "spinners-react": "^1.0.7",
    "react-spinners-kit": "^1.9.1",
    "react-spinners": "^0.13.8",
    "html-to-image": "^1.11.11",
    "react-loading": "^2.0.3",
    "react-loading-screen": "^0.0.17",
    "react-loading-skeleton": "^3.3.1",
    "react-hot-toast": "^2.4.1",
    "react-player": "^2.13.0",
    "react-vimeo": "^2.0.0",
    "@u-wave/react-vimeo": "^0.9.10",
    "styled-jsx": "^5.1.2",
    "dom-to-image": "^2.6.0",
    "file-saver": "^2.0.5",
    "primereact": "^10.0.3",
    "react-tagify": "^1.0.7",
    "react-mentions": "^4.4.10",
    "sanitize-html": "^2.11.0",
    "react-contenteditable": "^3.3.7",
    "react-error-boundary": "^4.0.11",
    "swr": "^2.2.4",
    "react-animated-numbers": "^0.16.0",
    "dompurify": "^3.0.6",
    "csvtojson": "^2.0.10",
    "d3": "^7.8.5",
    "chartjs-plugin-gradient": "^0.6.1",
    "echarts": "^5.4.3",
    "@carbon/charts-react": "^1.13.8",
    "@carbon/charts": "^1.11.13",
    "gridjs-react": "^6.0.1",
    "gridjs": "^6.0.6",
    "svgo": "^3.0.2",
    "react-reconciler": "^0.29.2",
    "prettier": "^3.2.5",
    "moment-timezone": "^0.5.43",
    "use-dencrypt-effect": "^2.0.0",
    "uuid": "^9.0.0",
    "reading-time": "^1.5.0",
    "@fireworks-js/react": "^2.10.6",
    "@memberstack/react": "^2.0.11",
    "@supabase/auth-ui-shared": "^0.1.6",
    "@supabase/auth-ui-react": "^0.4.2",
    "@supabase/supabase-js": "^2.25.0",
    "@formspree/react": "^2.4.2",
    "jotai": "^1.9.2",
    "react-autocomplete-hint": "^2.0.0",
    "react-autocomplete-input": "^1.0.19",
    "random-word": "^2.0.0",
    "random-words": "^1.2.0",
    "react-device-detect": "^2.2.2",
    "moment": "^2.29.4",
    "react-intl-tel-input": "^8.2.0",
    "mousetrap": "^1.6.5",
    "firebase-admin": "^11.10.1",
    "react-firebase-hooks": "^5.1.1",
    "react-idle-timer": "^5.7.2",
    "ninja-keys": "^1.2.2",
    "react-p5-wrapper": "^4.1.2",
    "lodash-move": "^1.1.1",
    "color-thief": "^2.2.5",
    "node-vibrant": "^3.2.1-alpha.1",
    "instagram-followers": "^1.0.0",
    "date-fns-tz": "^2.0.0",
    "react-router": "^6.10.0",
    "color-thief-react": "^2.1.0",
    "textures": "^1.2.3",
    "react-resizable-panels": "^0.0.55",
    "react-masonry-css": "^1.0.16",
    "react-responsive-masonry": "^2.1.7",
    "macy": "^2.5.1",
    "masonry": "^0.0.2",
    "raf": "^3.4.1",
    "react-particle-effect-button": "^1.0.1",
    "react-tweet": "^3.1.1",
    "vcard4": "^3.1.5",
    "react-wrap-balancer": "^1.1.0",
    "@uidotdev/usehooks": "^2.2.0",
    "vanta": "^0.5.24",
    "countup.js": "^2.8.0",
    "@zoom-image/react": "^0.3.10",
    "react-fps-stats": "^0.3.1",
    "react-type-animation": "^3.1.0",
    "react-hotkeys-hook": "^4.5.0",
    "threejs-toys": "^0.0.8",
    "react-leaflet": "^4.2.1",
    "@clerk/clerk-react": "^4.24.2",
    "react-timeago": "^7.2.0",
    "use-scramble": "^2.2.12",
    "@radix-ui/react-tooltip": "^1.0.6",
    "@fortawesome/fontawesome-svg-core": "^6.4.2",
    "@radix-ui/react-switch": "^1.0.3",
    "@zag-js/pin-input": "^0.13.0",
    "@zag-js/react": "^0.13.0",
    "use-is-focused": "^0.0.1",
    "@veltdev/react": "^1.0.15",
    "@radix-ui/react-context-menu": "^2.1.4",
    "react-odometerjs": "^3.1.0",
    "@react-spring/web": "^9.7.2",
    "react-toast-notifications": "^2.5.1",
    "react-ripples": "^2.2.1",
    "@react-three/cannon": "^6.5.2",
    "react-use-gesture": "^9.1.3",
    "tsparticles-confetti": "^2.9.3",
    "react-typing-effect": "^2.0.5",
    "atrament": "^3.0.0",
    "@reactuses/core": "^4.0.8",
    "@auth0/auth0-react": "^2.2.1",
    "@tanstack/react-query": "^4.35.3",
    "react-instantsearch-hooks-web": "^6.39.3",
    "algoliasearch": "^4.14.3",
    "@formspark/use-formspark": "^0.1.39",
    "@botpoison/browser": "^0.1.30",
    "caniuse-lite": "^1.0.30001492",
    "caniuse-api": "^3.0.0",
    "react-lottie": "^1.2.3",
    "lottie-web": "^5.12.1",
    "react-window": "^1.8.9",
    "css-to-react-native": "^3.2.0",
    "canvas": "^2.11.0",
    "lucide-react": "^0.115.0",
    "kmenu": "^1.2.2-nightly-dev",
    "react-shuffle-text": "^1.0.6",
    "react-ticker": "^1.3.2",
    "querystring": "^0.2.1",
    "spotify-now-playing": "^1.1.4",
    "react-css-variables": "^2.0.1",
    "react-glitch-animation": "^1.0.0",
    "number-format.js": "^2.0.9",
    "tsparticles-engine": "^2.2.4",
    "tsparticles-preset-firefly": "^2.10.1",
    "react-punch": "^0.1.0",
    "react-gooey": "^1.5.1",
    "react-select": "^5.2.2",
    "@emotion/core": "^11.0.0",
    "react-google-maps": "^9.4.5",
    "react-map-interaction": "^2.1.0",
    "scrollex": "^2.0.1",
    "pagemap": "^1.4.0",
    "react-picture-in-picture": "^1.0.0",
    "react-animejs-wrapper": "^1.0.35",
    "material-icons": "^1.13.9",
    "@phosphor-icons/react": "^2.0.10",
    "hex-rgb": "^5.0.0",
    "react-toastify": "^9.1.2",
    "corner-smoothing": "^0.1.3",
    "@scotato/react-squircle": "^1.1.3",
    "react-flashlight": "^1.0.6",
    "react-query": "^3.39.3",
    "dayjs": "^1.11.7",
    "react-twitter-embed": "^4.0.4",
    "remark-gfm": "^3.0.1",
    "@agentofuser/remark-oembed": "^1.0.4",
    "@splinetool/loader": "^0.9.150",
    "simplex-noise": "^4.0.1",
    "handlebars": "^4.7.7",
    "alpinejs": "^3.12.0",
    "@monaco-editor/react": "^4.4.6",
    "react-append-to-body": "^2.0.26",
    "marked": "^4.2.12",
    "micromark-extension-gfm": "^2.0.1",
    "react-scroll-trigger": "^0.6.14",
    "react-map-gl": "^7.0.21",
    "@ramonak/react-progress-bar": "^5.0.3",
    "@airtable/blocks": "^1.18.1",
    "dat.js": "^0.0.1",
    "stats.js": "^0.17.0",
    "qrcode-svg": "^1.1.0",
    "qrcode": "^1.5.3",
    "react-dom-confetti": "^0.2.0",
    "wix-animations": "^1.0.412",
    "@mui/material": "^5.13.0",
    "react-code-blocks": "^0.0.9-0",
    "babel-runtime": "^6.26.0",
    "@babel/preset-react": "^7.22.3",
    "@babel/core": "^7.22.1",
    "chakra-ui": "^0.3.9",
    "@heroicons/react": "^2.0.18",
    "@chakra-ui/react": "^1.7.5",
    "jquery": "^3.7.1",
    "tailwindcss": "^3.3.3",
    "react-smart-masonry": "^2.0.2",
    "sneaks-api": "^1.2.3",
    "react-swipeable": "^7.0.1",
    "events": "^3.3.0",
    "paper": "^0.12.17",
    "fr": "^1.2.2",
    "iconoir-react": "^6.11.0",
    "twemoji": "^14.0.2",
    "react-hook-mighty-mouse": "^1.4.31",
    "emojione": "^4.5.0",
    "jspdf": "^2.5.1",
    "html2pdf.js": "^0.10.1",
    "@emotion/react": "^11.11.1",
    "node-currency-exchange-rates": "^1.0.7",
    "@mapbox/polyline": "^1.2.0",
    "apple-mapkit-js": "^6.1.0",
    "tokens": "^0.0.8",
    "czech-inflection": "^1.1.1",
    "open-exchange-rates": "^0.3.0",
    "exchange-rates-api": "^1.1.0",
    "money": "^0.2.0",
    "currency-converter-lt": "^2.0.0",
    "@mapbox/mapbox-sdk": "^0.15.3",
    "jsrsasign": "^10.8.6",
    "jsonwebtoken": "^9.0.1",
    "simplify-js": "^1.2.4",
    "jwa": "^1.4.1",
    "@splinetool/react-spline": "^2.2.6",
    "@splinetool/viewer": "^0.9.440",
    "@ark-ui/react": "^2.2.3",
    "@firebase/firestore": "^4.4.3",
    "validator": "^13.11.0",
    "zod": "^3.20.6",
    "react-day-picker": "^8.10.0",
    "react-aria": "^3.32.1",
    "@radix-ui/react-checkbox": "^1.0.4",
    "@radix-ui/react-label": "^2.0.2",
    "@radix-ui/react-hover-card": "^1.0.7",
    "@radix-ui/react-accordion": "^1.1.2",
    "three.js": "^0.77.1",
    "gl-react": "^5.2.0",
    "pts": "^0.12.9",
    "@thirdweb-dev/react": "^3.11.11",
    "react-scramble-text": "^1.0.1",
    "chaffle": "^2.1.0",
    "keen-slider": "^6.8.5",
    "@stripe/stripe-js": "^2.1.6",
    "@stripe/react-stripe-js": "^2.3.0",
    "vaul": "^1.0.0",
    "react-backdrop-filter": "^2.1.0",
    "@jspm/core": "^2.0.1",
    "@mui/system": "^5.14.8",
    "darkmode-js": "^1.5.7",
    "iconsax-react": "^0.0.8",
    "react-particles-webgl": "^1.0.10",
    "react-countdown-circle-timer": "^3.0.9",
    "custom-no-code-form": "^0.0.1",
    "@hookform/resolvers": "^2.9.11",
    "@ts-react/form": "^1.2.0",
    "@react-three/rapier": "^1.1.2",
    "maath": "^0.9.0",
    "@react-three/postprocessing": "^2.15.11",
    "react-phone-number-input": "^3.2.23",
    "@pqina/flip": "^1.8.1",
    "yet-another-react-lightbox": "^3.15.4",
    "@dotlottie/react-player": "^0.0.0",
    "frame": "^1.0.0-alpha.2",
    "@tabler/icons-react": "^2.15.0",
    "@mui/base": "^5.0.0-beta.4",
    "react-transition-group": "^4.4.5",
    "@theatre/core": "^0.6.1",
    "@studio-freight/react-lenis": "0.0.26",
    "request": "^2.88.2",
    "canvas-scroll-clip": "^1.3.1",
    "javascript-obfuscator": "^4.1.0",
    "carbon-components": "^10.58.10",
    "fathom-client": "^3.5.0",
    "react-orbits": "^1.0.5",
    "filepond": "^4.30.4",
    "react-filepond": "^7.1.2",
    "react-file-base64": "^1.0.3",
    "@headlessui/react": "^1.7.16",
    "graphql-request": "^6.1.0",
    "@shopify/shopify-api": "^7.5.0",
    "react-mapbox-gl": "^5.1.1",
    "@lottiefiles/lottie-player": "^2.0.3",
    "@lottiefiles/lottie-interactivity": "^1.6.2",
    "react-lottie-player": "^1.5.6",
    "number-flow": "^0.4.2",
    "esm-env": "^1.2.1",
    "@p5-wrapper/next": "^1.0.1",
    "webgl-fluid-enhanced": "^0.5.2",
    "@fortawesome/free-brands-svg-icons": "^6.5.1",
    "browser-image-compression": "^2.0.2",
    "@react-google-maps/api": "^2.19.3",
    "jquery.ripples": "^0.6.3",
    "@coreui/icons-react": "^2.2.1",
    "@coreui/icons": "^3.0.1",
    "ka-table": "^8.9.0",
    "@radix-ui/react-slot": "^1.0.2",
    "class-variance-authority": "^0.7.0",
    "simplebar": "^6.2.5",
    "simplebar-react": "^3.2.4",
    "rehype-raw": "^7.0.0",
    "@tsparticles/engine": "^3.5.0",
    "@tsparticles/react": "^3.0.0",
    "react-zoom-pan-pinch": "^3.6.1",
    "split-type": "^0.3.4",
    "react-rating-stars-component": "^2.2.0",
    "react-star-rating-component": "^1.4.1",
    "@react-hook/size": "^2.1.2",
    "@react-hook/resize-observer": "^1.2.6",
    "typer-react": "^1.0.0",
    "react-magnifier": "^3.0.4",
    "react-load-script": "^0.0.6",
    "react-ionicons": "^4.2.1",
    "fib-retracement": "^0.2.1",
    "element-theme-default": "^1.4.13",
    "element-react": "^1.4.34",
    "element-ui": "^2.15.14",
    "stripe": "^15.7.0",
    "shopify-api-node": "^3.13.1",
    "react-dnd": "^16.0.1",
    "react-dnd-html5-backend": "^16.0.1",
    "cesium": "^1.117.0",
    "react-draft-wysiwyg": "^1.15.0",
    "@ckeditor/ckeditor5-build-classic": "^41.4.2",
    "@draft-js-plugins/editor": "^4.1.4",
    "draft-js": "^0.11.7",
    "avif.js": "^0.2.0",
    "@shopify/storefront-api-client": "^0.2.2",
    "iframe-resizer": "^4.4.5",
    "three-instanced-uniforms-mesh": "^0.49.0",
    "troika-three-utils": "^0.44.0",
    "qss": "^3.0.0",
    "react-slider": "^2.0.6",
    "js-file-download": "^0.4.12",
    "@material-ui/system": "^4.12.2",
    "yup": "^1.3.1",
    "seamless-scroll-polyfill": "^2.3.4",
    "serpapi": "^2.0.0",
    "abort-controller": "^3.0.0",
    "node-fetch": "^2.6.7",
    "openai-streaming-hooks": "^2.0.0",
    "sse": "^0.0.8",
    "material-symbols": "^0.17.1",
    "@gsap/react": "^2.1.0",
    "react-3d-hover": "^1.1.1",
    "lerp": "^1.0.3",
    "embla-carousel-react": "^8.1.3",
    "bcryptjs": "^2.4.3",
    "@liveblocks/client": "^1.1.6",
    "@liveblocks/react": "^1.1.6",
    "pixi.js": "^8.0.4",
    "@mojs/core": "^1.5.1",
    "react-particle-image": "^1.0.2",
    "@rooks/use-window-size": "^4.11.2",
    "web3": "^4.14.0",
    "color": "^4.2.3",
    "chartjs-plugin-datalabels": "^2.2.0",
    "react-colorful": "^5.6.1",
    "lottie-react-web": "^2.2.2",
    "resize-observer-polyfill": "^1.5.1",
    "momo": "^0.0.130"
  },
  "resolutions": {}
}
